username,fans
habnm88768,13300
comedyking1964,10400
mike.ali32,18100
beautyfullhuman1,3311
hybrid803comedy,11700
zsbjstuy1263,17300
secretcomedies,14200
rickyt95,20200
funny.videos112232,9581
ayesha1729,27300
db64life,12100
comedywisdom,8619
comedy.therapy,28900
nandni.kartik,12800
hayes_comedy,19700
am_immortal1,18800
ehculofunny,14600
cyibatsicomedy,19500
looadiingggg,19400
sana_jutti04,11400
laughcg_official,4549
visionquestchris,20100
bharat.blogs,6267
ftuvcrs,10800
comedy4012,13100
mediaworld15,7029
lachmalhumor,8654
renumataraarachchi,10500
hys663,18200
toseefkhan5,7968
lovely_jubbly7,4115
comedy5656,9388
wah.bhai.wah12,6035
funny.show_,28500
giax007,12700
caseydelorenzo,21000
tatts_by_kel,21500
oiiu.xwhp,13700
rubbrdskd,19300
500bbao,16800
kauydjxscc,16500
www.tiktok.com.lo3,8370
usafun.6,21200
tanmbwlr42116,11000
chady.ble,22000
funn.u4,8851
funny.momentd,7785
sagiencjzf,15700
user332728662,11800
college_life.o7,19300
comedy.guy.1,16600
funny.calbs,5926
yqjrvuzasof,15400
stand.up.comedy871,5894
ungdrjbxc,20800
simartvideos,29200
bbhgg1564,11600
jcujd5by58,20200
comedyshow.funny,9202
gj685hjf,30000
textredddw,11600
comedy_only_6,18000
unknown4utoo,8779
em_and_chrisp,11900
13alis,7881
valeriya.barrera,5374
brenzkokoy,5104
okitocomedy,3382
deliajan1,9300
unlimited_comedy5,11300
harrellfam5,8661
p4pakorah,16800
belikecomedy,10200
onlyclips86,3303
bxrax4wyo9,11500
timfuenc,11300
cantai49,15700
lana.banana2.0,9545
breakingnews.now,11400
meme4u93,10600
ed.cudlipp,26500
haileynewcomer,12500
zachchoiasmr.7,8037
dilsdivinebeauty,22400
mayyasecret,7539
nishamgr845,7273
madhavadhikari355,17200
aanifishinggirl,17800
ferran.royalty5,14300
akstudio600,25300
broda_2much,4749
bayan.6868,17900
itscherry_7_,5648
katram_,14100
elainastars,12500
lifewithraemarie,10100
islamicapp1,4535
prorecipe0,7021
zacchoibestcooking,25800
nodie111,9872
chefelliott,3660
tanaflo87,17100
wildsolous,11900
vsmothers,19200
juno68,7953
madisonansleyfarmer,23900
ponte_pilaspa,4372
alpha.patron,3241
metastybites,25200
jerricadevon,8017
nyoka_lee,28100
theheroofworld,10400
theadirafreja,11000
cookedddclips,4039
stro_dos,19700
cleanlifetiktok,4989
hannahyap0713,27800
the.secret.recipe7,7780
shauna.beee,9992
theroundtreefam,17600
matsheposekhu610,8018
alinaandvero,11500
kiiorrr,11100
the_integrated_mama,4440
user181886613,4356
bycatalanmarta,29600
bismillahkitchen_786,14600
urfavvgirly.y,6976
cookingwithkash89,7039
whoeseli,9120
gateste.cu.elena,28200
julieackerman692,8157
nezzyslife88,11500
the.mountain.village,10600
kaylajkoons,4036
natural___cookinggg,21700
tinyfoodkeybd,12200
homec30,21100
_ntoetse,14200
nhlax.groenberg,4114
alayna_janae,8516
recipesalice,20700
cooking.with.tiramisu,20500
arianamariaa11,18500
dinnerideass,10700
itscheflay,19800
monikapalinic,22400
salmascook,7626
blurrymarie,3829
rayztray,13300
aeshtetic_seona,4597
primaloriginai,15100
momiflorens,9160
little.bird929,5237
cookinwithkya10,15700
gourmetghetto3,13600
teesforteabakes,5695
essraabennhila0,6814
airic.z,19700
moneytrap0.1,22700
zachtalksalot,26400
emmieedit,14400
ninarosasab,7443
le.crayon.finance,27100
suzanne.verhees,17100
investsmart_fr,18200
trademind.en,7053
therealdirkjohnson,10700
james.corporate,18900
jack.talks.finance,16400
asdfgrhr734,20400
ibkr_investmentor,4204
eyanreeve,12600
wealthzipp,9415
financebro88,5242
capital_secrets,17600
karman10x,22700
underslept_edits,3144
imperio.financier03,6603
investfinancs,11100
notesbynathan,6572
moneywithjenna,11600
gucsii5,5351
financeforidiots,4802
tylerworley3,5006
kingkenn1,9855
ericsfinancials,7253
marquel222,11400
fantastic7610,18300
homeliving785,6841
jenrondo,8668
danyacarolina,8322
julias.algos,23400
baileystokk,26600
powrnest.foundur,4319
sunnyywuu,21800
moise.anthony,14600
the.finance.frontier0,4954
benlemieuxrealtor,12800
tonykazuya1,13000
fortune5ceo,19900
whymattrs,5932
lemuelukwesa,12400
_marissacounts,8412
ralphsmarino,8393
wealthwlee,12100
cris_zanandrea_csf,5277
icon.mold,24300
whatisabudget,15700
td_canada,10900
zilchlovesyou,3845
itshuzaifaahmad,12200
stayvcs.llc,16700
the_real_mbj,8989
briansplaybook,7116
dhanishtar,8483
nashscrolls,3281
maryandpip,6156
calebhammerr.fan,23000
efsckrwj86405_cr,10000
eshamortgagebroker,3442
avathomson_7,4055
investasi_sw,3047
eduadvisormy,23900
mylesburnettt,19500
fintelify.app,9445
berkeleydiary,8180
lecswift1633,8702
4xhashim,3623
jak.ofalltrades,10800
themoneyclub_,20000
wealthvow,12000
yahia.agamy,4396
classandstyle,3270
shehasreceipts,4883
rinaserinarina,7001
refined.motion,15300
financeguide111,14500
fitologylab,12000
bigtacticals,11600
caseyyscharoff,22100
classi_d561,6477
liufei853,14600
iggnitex,16500
pandafitness7,9620
florgomezfit,7513
elena_lam_fit,8230
gym.jester,3837
tcholomeda,7136
theb_radshow,12900
moyeboyfitness,13900
musclebeautyy,12000
danggmya,3230
motivation.for.sp7,13900
db_fitness5,13600
jasmines.shredz,8559
prankfitness6,25000
wondone1carly,3363
ganderstupak,13300
bouzibrah,6946
dgrossfitness,8857
alexbaeten,10700
beefcakechristy,9974
the_ezurike,11200
pierre_monet,4467
paulimp.fit,11500
teran.fitness,4642
ssasdq2,4861
joeypicardo,12100
christi_robbins,8058
2024myjourney,3380
edoulove_1,10100
sugarplumfitnessjourney,7040
dramirrais,25300
gymlover1282,16200
shdhsbcphto,26300
shelbyyball,22500
mg10008,8294
finasaraa,10800
klayrenfernandez,3237
naaa._11,6554
djx4mix_tiktok,12300
alibabe__,11600
theonlyelegantallie,6837
agn.aileen,7455
rockbottom2361,27500
bigkane5,8701
lena_lifts,7716
anton_khrust,17400
gym_baddiesz,3094
fit.glow.2,5613
gym.fitness64,7460
latportsteam,4620
amandapreisingerfitness,12400
di_fitness2,11500
bigdava,28700
annapowerfit_,18700
fabiolacoler,15800
jassxxyyy,13800
teampirofit,15300
nava.fitness,17600
kourtneyparis4,24000
romiefitt,4161
fitnesslm,3741
jessie.y.lee,9659
cindyyxfit,12000
teresaleeb,18100
purestrength_nl,4316
besimtrena,10600
kai.camille,11800
fitness_world_gym2,5723
healthiestpower,28100
veerahamalainen3,11300
fit_withhappiness,14500
kadima_jr,14900
angran_fit,12000
andrea_holmfeld,19800
teagan.kirin,11800
katstudying,15600
studywvani,22500
ysa.berena_,11800
seullri,9549
joce.erly,6987
hayleysbookclub,28800
secret.study.acc,23300
sl33py_addie,6108
v2st5,10300
studyingwithtierra,20400
giulswae8yo,5167
thestudymuseofficial,3547
newphoriah,15400
studywgabrielle,8311
studywith_sher,11900
nallan.notes,5816
tatsukizeirishi,18000
kaystudytok101,4484
journeywitheva1,9593
suderojdaa,14800
studywithhannaah,7168
beccadiary,7617
jessicademia,3952
megsstudytipss,4797
studyingwithshrisha,14800
liftingenius,6194
medicaliy,8613
britneichen_,8649
aathvna_,15200
4zhfn,13100
studywithchange,4084
icandoit_jpn,3186
babblershii,6878
abbyy.rockson,18300
wtf.la1sha,4362
xiajingshi,21600
alinasaestheticss,9800
repostacc_26,5157
ylwwxz,3553
chiara_ssh,12000
lettbae,5306
prettyprinciple,26000
peter.studyfetch,24900
delaneysdiaries,4374
j3ssica.kwok,14100
jessistudyyyy0,5727
xuexi69,12400
chengjie.official,6996
clouddoris13,23700
studytok.4,8426
ellay0yo,22500
davystudyx,5124
tay.h101,28400
studyfetchangela,6710
iro_678,15400
studywnivi,10600
red.velvet.lover3,12400
fatimastudydiaries,3177
morph.studytok,4034
brii.studytok,15800
iljw0n,13200
studygrindwithaditya09,7788
oldkpopculardan,9450
julie.sxphie,5350
lifestylebylilou,10100
studywithnerd_,4067
miapajks,15100
marialfstyl,4081
aureavanilla,3008
taylor_kirsten,18100
ttalgi.uwu,8388
nadaaa_bt,17000
cozyvibermusic,9044
mimis1ife,13100
vimi_rika,17000
by.movi,29900
sstudy.hackss,25900
bensubytes,12100
nnnatspam,3667
studyfetchnami,19400
paulanoguera05,13200
klmptech,8574
aqua_tech_,29400
coz.tech,16300
aryatechtips,8461
maksims.tech,8993
mics.tech,7829
rxzer.tech,16000
e5c4pe_tech,16300
roxxytech,3742
cesartechtok,3440
aki_saw_myballs,3197
.sturdy.manz,4504
sxlitude1,18900
lrm_media,17300
hardtechno1010,7815
koemsourdripshop,28600
technology.clips5,4842
dreamqxx,3473
21ttttttk,21400
qvrikh,13900
tonicmariee,26900
leonieruby,3119
vickyintech,11000
postutienda,6056
gamma1601,5373
y2ktech_,18700
ohiotech.skid,4401
isapotaxii,6134
techuptoday,14000
swift.tech.offical,3113
blacktekk,14100
cyberturbo_,27400
rumokite,4894
noah.rps0,17100
turkmen_brand,8788
gaba123gabool,28600
yunisss34,3346
mrksetup,5992
allo2fly,3107
saif.team6,16000
strangerarz,11700
tech_tread,6970
locketrades,12800
shopkinteco,9177
lizatotladzee,21100
lxk.fps,4995
ntcks,16200
sonnysetup,5113
brent_wiles,4372
cnmastair,25100
vichee_shop01,8752
maki.techhh,7619
nusma_tech,4799
guccitechtoks,12900
sakentechtok,9004
advancell46,5823
federaltech.plus,25200
thehippiehacker,28000
_kimixki,10800
kemonoren736,9697
inforce.digital,11900
jakebeau_,16300
dannydailydeals,6738
techbyrena,8303
emptyrealities,13100
yuroosetup,7087
tiny_kiri,17800
sportlifelojaoficial,6113
diram.tech,29200
an_creative01,5247
techmansion_,7672
lfashionn1,7709
asaadbip9f8,25200
hyperview17,5617
techsosna,11800
brandvn.pov,26000
corrupt.tech,9915
_orion_tech,13500
fenzoo.tech,11800
